{"cameraMode":{"drawMode":0,"name":"Shaded","section":"Shading Mode"},"sceneLighting":false,"audioPlay":false,"sceneViewState":{"m_AlwaysRefresh":false,"showFog":false,"showSkybox":false,"showFlares":false,"showImageEffects":false,"showParticleSystems":false,"showVisualEffectGraphs":true,"m_FxEnabled":true},"in2DMode":false,"pivot":{"x":-0.10228252410888672,"y":0.8425652384757996,"z":-0.23106560111045838},"rotation":{"x":0.22186456620693208,"y":0.3570512533187866,"z":-0.08771641552448273,"w":0.9031041264533997},"size":1.4877973794937134,"orthographic":false}